,train_loss,best_val_loss,time_this_iter_s,done,training_iteration,trial_id,date,timestamp,time_total_s,pid,hostname,node_ip,time_since_restore,iterations_since_restore,config/batch_size,config/drop_out,config/epochs,config/hidden_size,config/lr,config/num_features,config/num_layers,config/patience,logdir
0,"tensor(0.2257, requires_grad=True)",0.6264266500771045,71.46456909179688,False,1,9a284de4,2023-11-29_18-49-38,1701305378,71.46456909179688,4097299,Slade-173477,10.2.219.10,71.46456909179688,1,8.116262258099887,0.4802857225639665,500,146.6667944204696,0.05990598257128396,1,3.248149123539492,8.64373149647393,"/home/sgupta/WORK/Triplevel_transformer_model/baselines/hyperparameter_search/experiment_mcdo_data2/train_mcdo_9a284de4_1_batch_size=8.1163,drop_out=0.4803,epochs=500,hidden_size=146.6668,lr=0.0599,num_features=1,num_layers=3.2481_2023-11-29_18-48-17"
1,"tensor(0.0038, requires_grad=True)",0.5226094367033802,435.0421922206879,False,1,5c06fead,2023-11-29_18-55-51,1701305751,435.0421922206879,4097736,Slade-173477,10.2.219.10,435.0421922206879,1,2.1035886311957896,0.4464704583099741,500,120.62188733689855,0.07083645052182495,1,2.1646759543664196,48.52558275593772,"/home/sgupta/WORK/Triplevel_transformer_model/baselines/hyperparameter_search/experiment_mcdo_data2/train_mcdo_5c06fead_2_batch_size=2.1036,drop_out=0.4465,epochs=500,hidden_size=120.6219,lr=0.0708,num_features=1,num_layers=2.1647_2023-11-29_18-48-27"
2,"tensor(0.4661, requires_grad=True)",0.6415321042537689,51.76535248756409,False,1,ff20c64b,2023-11-29_18-49-36,1701305376,51.76535248756409,4098163,Slade-173477,10.2.219.10,51.76535248756409,1,16.816410175208013,0.18493564427131048,500,37.183168474213026,0.01842211053435804,1,4.433937943676302,26.713065149979656,"/home/sgupta/WORK/Triplevel_transformer_model/baselines/hyperparameter_search/experiment_mcdo_data2/train_mcdo_ff20c64b_3_batch_size=16.8164,drop_out=0.1849,epochs=500,hidden_size=37.1832,lr=0.0184,num_features=1,num_layers=4.4339_2023-11-29_18-48-36"
3,"tensor(0.4148, requires_grad=True)",0.6428646697524951,175.08892464637756,False,1,45fd5394,2023-11-29_18-51-49,1701305509,175.08892464637756,4098460,Slade-173477,10.2.219.10,175.08892464637756,1,9.206955354200199,0.21649165607921678,500,122.75872604975352,0.01403543667913898,1,4.337157188281745,18.951730321390894,"/home/sgupta/WORK/Triplevel_transformer_model/baselines/hyperparameter_search/experiment_mcdo_data2/train_mcdo_45fd5394_4_batch_size=9.2070,drop_out=0.2165,epochs=500,hidden_size=122.7587,lr=0.0140,num_features=1,num_layers=4.3372_2023-11-29_18-48-44"
4,"tensor(1.0464, requires_grad=True)",0.6072432533775209,24.36304211616516,False,1,7c63a6b5,2023-11-29_18-49-26,1701305366,24.36304211616516,4099757,Slade-173477,10.2.219.10,24.36304211616516,1,9.665329700123683,0.41407038455720546,500,40.735082649513586,0.0514720203975198,1,6.73931655089634,3.2760702232798886,"/home/sgupta/WORK/Triplevel_transformer_model/baselines/hyperparameter_search/experiment_mcdo_data2/train_mcdo_7c63a6b5_5_batch_size=9.6653,drop_out=0.4141,epochs=500,hidden_size=40.7351,lr=0.0515,num_features=1,num_layers=6.7393,_2023-11-29_18-48-54"
5,"tensor(0.2015, requires_grad=True)",0.5821562273773605,563.3854007720947,False,1,bcbf5265,2023-11-29_18-58-35,1701305915,563.3854007720947,4100158,Slade-173477,10.2.219.10,563.3854007720947,1,12.54335218612733,0.16820964947491662,500,13.945267004070624,0.094893665171608,1,9.725056264596475,40.6114700577066,"/home/sgupta/WORK/Triplevel_transformer_model/baselines/hyperparameter_search/experiment_mcdo_data2/train_mcdo_bcbf5265_6_batch_size=12.5434,drop_out=0.1682,epochs=500,hidden_size=13.9453,lr=0.0949,num_features=1,num_layers=9.7251_2023-11-29_18-49-02"
6,"tensor(0.0904, requires_grad=True)",0.5783351902141721,104.4819233417511,False,1,a1e68d95,2023-11-29_18-51-07,1701305467,104.4819233417511,4100231,Slade-173477,10.2.219.10,104.4819233417511,1,6.787661614294043,0.13906884560255356,500,137.1623722759192,0.044071234124586176,1,2.9763058787582306,25.263668595452238,"/home/sgupta/WORK/Triplevel_transformer_model/baselines/hyperparameter_search/experiment_mcdo_data2/train_mcdo_a1e68d95_7_batch_size=6.7877,drop_out=0.1391,epochs=500,hidden_size=137.1624,lr=0.0441,num_features=1,num_layers=2.9763_2023-11-29_18-49-11"
7,"tensor(0.0149, requires_grad=True)",0.497804831435924,1864.2941827774048,False,1,a01f3c2d,2023-11-29_19-20-31,1701307231,1864.2941827774048,4099757,Slade-173477,10.2.219.10,1864.2941827774048,1,1.6533819011891495,0.4637281608315128,500,52.49721633840337,0.0662859762069628,1,4.493688608715288,26.48333303771273,"/home/sgupta/WORK/Triplevel_transformer_model/baselines/hyperparameter_search/experiment_mcdo_data2/train_mcdo_a01f3c2d_8_batch_size=1.6534,drop_out=0.4637,epochs=500,hidden_size=52.4972,lr=0.0663,num_features=1,num_layers=4.4937,_2023-11-29_18-49-22"
8,"tensor(0.8810, requires_grad=True)",0.4974506818331204,644.2082493305206,False,1,92afba9b,2023-11-29_19-00-20,1701306020,644.2082493305206,4098163,Slade-173477,10.2.219.10,644.2082493305206,1,11.387495307522313,0.17394178221021084,500,193.94734092514716,0.07753576905377535,1,9.515991532513514,44.84654017095479,"/home/sgupta/WORK/Triplevel_transformer_model/baselines/hyperparameter_search/experiment_mcdo_data2/train_mcdo_92afba9b_9_batch_size=11.3875,drop_out=0.1739,epochs=500,hidden_size=193.9473,lr=0.0775,num_features=1,num_layers=9.516_2023-11-29_18-49-26"
9,"tensor(0.3225, requires_grad=True)",0.6511162140233788,26.74098229408264,False,1,2b889faf,2023-11-29_18-50-05,1701305405,26.74098229408264,4097299,Slade-173477,10.2.219.10,26.74098229408264,1,12.360099597410617,0.4687496940092467,500,18.61000790833198,0.019678687955672604,1,2.3618183112843045,16.94118620739995,"/home/sgupta/WORK/Triplevel_transformer_model/baselines/hyperparameter_search/experiment_mcdo_data2/train_mcdo_2b889faf_10_batch_size=12.3601,drop_out=0.4687,epochs=500,hidden_size=18.6100,lr=0.0197,num_features=1,num_layers=2.361_2023-11-29_18-49-36"
10,"tensor(0.7519, requires_grad=True)",0.6084777551578052,259.0524632930756,False,1,d458ee04,2023-11-29_19-24-50,1701307490,259.0524632930756,4097299,Slade-173477,10.2.219.10,259.0524632930756,1,15.317262479249766,0.4430183503917814,500,118.43643594349217,0.036696607845319085,1,5.527737493701433,39.52521438670431,"/home/sgupta/WORK/Triplevel_transformer_model/baselines/hyperparameter_search/experiment_mcdo_data2/train_mcdo_d458ee04_11_batch_size=15.3173,drop_out=0.4430,epochs=500,hidden_size=118.4364,lr=0.0367,num_features=1,num_layers=5.52_2023-11-29_19-20-31"
11,"tensor(1.3388, requires_grad=True)",0.639131712139936,1392.2947285175323,False,1,e097e162,2023-11-29_19-43-52,1701308632,1392.2947285175323,4107583,Slade-173477,10.2.219.10,1392.2947285175323,1,3.359896151429191,0.3850865280049117,500,148.39687693731733,0.015725898232542192,1,7.070550156179682,44.359564900620185,"/home/sgupta/WORK/Triplevel_transformer_model/baselines/hyperparameter_search/experiment_mcdo_data2/train_mcdo_e097e162_12_batch_size=3.3599,drop_out=0.3851,epochs=500,hidden_size=148.3969,lr=0.0157,num_features=1,num_layers=7.070_2023-11-29_19-20-31"
12,"tensor(0.2865, requires_grad=True)",0.5363049002662301,278.8268201351166,False,1,b12e25d5,2023-11-29_19-25-30,1701307530,278.8268201351166,4107616,Slade-173477,10.2.219.10,278.8268201351166,1,4.99672387300796,0.49699844762959455,500,43.566980228576604,0.07013518641957575,1,5.9650696968624635,15.096703896796837,"/home/sgupta/WORK/Triplevel_transformer_model/baselines/hyperparameter_search/experiment_mcdo_data2/train_mcdo_b12e25d5_13_batch_size=4.9967,drop_out=0.4970,epochs=500,hidden_size=43.5670,lr=0.0701,num_features=1,num_layers=5.9651_2023-11-29_19-20-40"
13,"tensor(0.3262, requires_grad=True)",0.6212777670621872,350.4631521701813,False,1,1ec4d778,2023-11-29_19-26-53,1701307613,350.4631521701813,4107648,Slade-173477,10.2.219.10,350.4631521701813,1,16.002104727180978,0.31420356601250643,500,179.0487173325325,0.04578947119193888,1,5.379723880519766,33.037497465781726,"/home/sgupta/WORK/Triplevel_transformer_model/baselines/hyperparameter_search/experiment_mcdo_data2/train_mcdo_1ec4d778_14_batch_size=16.0021,drop_out=0.3142,epochs=500,hidden_size=179.0487,lr=0.0458,num_features=1,num_layers=5.37_2023-11-29_19-20-51"
14,"tensor(0.5506, requires_grad=True)",0.6467889685334112,156.59377551078796,False,1,048b8b12,2023-11-29_19-23-47,1701307427,156.59377551078796,4107680,Slade-173477,10.2.219.10,156.59377551078796,1,9.318780277886288,0.16457233828485168,500,28.911737825907508,0.00025146258012705977,1,9.983927806640194,27.108110894511096,"/home/sgupta/WORK/Triplevel_transformer_model/baselines/hyperparameter_search/experiment_mcdo_data2/train_mcdo_048b8b12_15_batch_size=9.3188,drop_out=0.1646,epochs=500,hidden_size=28.9117,lr=0.0003,num_features=1,num_layers=9.9839_2023-11-29_19-21-03"
15,"tensor(0.0277, requires_grad=True)",0.0459683565222334,1007.4248919487,False,1,15eda93d,2023-11-29_19-38-07,1701308287,1007.4248919487,4107713,Slade-173477,10.2.219.10,1007.4248919487,1,1.7674830047329886,0.27013904871111305,500,53.3538933124165,0.004875816890381241,1,3.923805090854719,26.141948265252214,"/home/sgupta/WORK/Triplevel_transformer_model/baselines/hyperparameter_search/experiment_mcdo_data2/train_mcdo_15eda93d_16_batch_size=1.7675,drop_out=0.2701,epochs=500,hidden_size=53.3539,lr=0.0049,num_features=1,num_layers=3.9238_2023-11-29_19-21-11"
16,"tensor(0.3543, requires_grad=True)",0.6511723688244819,9.69792342185974,False,1,63bce918,2023-11-29_19-21-38,1701307298,9.69792342185974,4107746,Slade-173477,10.2.219.10,9.69792342185974,1,8.956857450668677,0.39016003417487066,500,104.69742397178936,0.07419366497942605,1,2.6256865827566482,2.602260844863996,"/home/sgupta/WORK/Triplevel_transformer_model/baselines/hyperparameter_search/experiment_mcdo_data2/train_mcdo_63bce918_17_batch_size=8.9569,drop_out=0.3902,epochs=500,hidden_size=104.6974,lr=0.0742,num_features=1,num_layers=2.625_2023-11-29_19-21-20"
17,"tensor(0.3383, requires_grad=True)",0.5758867586281762,44.275920152664185,False,1,ba2902f5,2023-11-29_19-22-22,1701307342,44.275920152664185,4107746,Slade-173477,10.2.219.10,44.275920152664185,1,15.011132157840791,0.4166258104079721,500,115.70613069407881,0.03911067683006406,1,6.578451989165856,4.648740414889794,"/home/sgupta/WORK/Triplevel_transformer_model/baselines/hyperparameter_search/experiment_mcdo_data2/train_mcdo_ba2902f5_18_batch_size=15.0111,drop_out=0.4166,epochs=500,hidden_size=115.7061,lr=0.0391,num_features=1,num_layers=6.57_2023-11-29_19-21-28"
18,"tensor(0.4833, requires_grad=True)",0.4975852155602062,189.33852076530457,False,1,64b58a4c,2023-11-29_19-24-56,1701307496,189.33852076530457,4107815,Slade-173477,10.2.219.10,189.33852076530457,1,14.719078046268397,0.11147511205118993,500,154.95207076296256,0.06668790221341504,1,7.519914727110135,27.2818086750689,"/home/sgupta/WORK/Triplevel_transformer_model/baselines/hyperparameter_search/experiment_mcdo_data2/train_mcdo_64b58a4c_19_batch_size=14.7191,drop_out=0.1115,epochs=500,hidden_size=154.9521,lr=0.0667,num_features=1,num_layers=7.51_2023-11-29_19-21-38"
19,"tensor(0.5404, requires_grad=True)",0.552388295783835,110.82469964027403,False,1,9ffb86b9,2023-11-29_19-23-47,1701307427,110.82469964027403,4107847,Slade-173477,10.2.219.10,110.82469964027403,1,17.634951985535803,0.23382365590915366,500,67.8559999900785,0.09408511623616937,1,6.380965771185628,11.982516281437322,"/home/sgupta/WORK/Triplevel_transformer_model/baselines/hyperparameter_search/experiment_mcdo_data2/train_mcdo_9ffb86b9_20_batch_size=17.6350,drop_out=0.2338,epochs=500,hidden_size=67.8560,lr=0.0941,num_features=1,num_layers=6.381_2023-11-29_19-21-47"
20,"tensor(0.3226, requires_grad=True)",0.6037867304789646,175.3408238887787,False,1,de469281,2023-11-29_19-25-03,1701307503,175.3408238887787,4107879,Slade-173477,10.2.219.10,175.3408238887787,1,9.332682826075056,0.4924281745967647,500,53.690366062483164,0.052534560771355786,1,4.25523800806595,28.993817930363303,"/home/sgupta/WORK/Triplevel_transformer_model/baselines/hyperparameter_search/experiment_mcdo_data2/train_mcdo_de469281_21_batch_size=9.3327,drop_out=0.4924,epochs=500,hidden_size=53.6904,lr=0.0525,num_features=1,num_layers=4.2552_2023-11-29_19-21-56"
21,"tensor(0.2319, requires_grad=True)",0.6297794054569523,585.6575694084167,False,1,461fcbfa,2023-11-29_19-32-04,1701307924,585.6575694084167,4107911,Slade-173477,10.2.219.10,585.6575694084167,1,3.256167298216867,0.24071838336920273,500,149.28886929248938,0.06817194756749141,1,6.514505708809667,18.509952427692575,"/home/sgupta/WORK/Triplevel_transformer_model/baselines/hyperparameter_search/experiment_mcdo_data2/train_mcdo_461fcbfa_22_batch_size=3.2562,drop_out=0.2407,epochs=500,hidden_size=149.2889,lr=0.0682,num_features=1,num_layers=6.514_2023-11-29_19-22-08"
22,"tensor(0.1927, requires_grad=True)",0.6321370737900683,48.82437133789063,False,1,307bb077,2023-11-29_19-23-11,1701307391,48.82437133789063,4107746,Slade-173477,10.2.219.10,48.82437133789063,1,7.599246078098928,0.3710327754176205,500,97.96319861500893,0.009256768066378948,1,2.1215547774070442,11.819111275083417,"/home/sgupta/WORK/Triplevel_transformer_model/baselines/hyperparameter_search/experiment_mcdo_data2/train_mcdo_307bb077_23_batch_size=7.5992,drop_out=0.3710,epochs=500,hidden_size=97.9632,lr=0.0093,num_features=1,num_layers=2.1216_2023-11-29_19-22-19"
23,"tensor(0.3473, requires_grad=True)",0.6480779572353734,266.47371649742126,False,1,8c63176c,2023-11-29_19-26-58,1701307618,266.47371649742126,4107968,Slade-173477,10.2.219.10,266.47371649742126,1,13.342961557870577,0.44805233588070215,500,112.28978404788833,0.03313942246953925,1,9.604854238360957,28.299373369747606,"/home/sgupta/WORK/Triplevel_transformer_model/baselines/hyperparameter_search/experiment_mcdo_data2/train_mcdo_8c63176c_24_batch_size=13.3430,drop_out=0.4481,epochs=500,hidden_size=112.2898,lr=0.0331,num_features=1,num_layers=9.60_2023-11-29_19-22-22"
24,"tensor(0.3892, requires_grad=True)",0.6009560995548964,67.11818718910217,False,1,72f530ff,2023-11-29_19-23-51,1701307431,67.11818718910217,4108009,Slade-173477,10.2.219.10,67.11818718910217,1,10.951347045932511,0.1558661885879356,500,95.94898905915657,0.05339097494163007,1,2.887784949121925,15.605881080444592,"/home/sgupta/WORK/Triplevel_transformer_model/baselines/hyperparameter_search/experiment_mcdo_data2/train_mcdo_72f530ff_25_batch_size=10.9513,drop_out=0.1559,epochs=500,hidden_size=95.9490,lr=0.0534,num_features=1,num_layers=2.887_2023-11-29_19-22-31"
25,"tensor(0.1797, requires_grad=True)",0.5882254951726645,596.930052280426,False,1,12559fb2,2023-11-29_19-32-52,1701307972,596.930052280426,4108041,Slade-173477,10.2.219.10,596.930052280426,1,5.290034299870441,0.14222721917597161,500,32.41365886473113,0.05360164354282262,1,8.340915764421212,37.88596335983989,"/home/sgupta/WORK/Triplevel_transformer_model/baselines/hyperparameter_search/experiment_mcdo_data2/train_mcdo_12559fb2_26_batch_size=5.2900,drop_out=0.1422,epochs=500,hidden_size=32.4137,lr=0.0536,num_features=1,num_layers=8.3409_2023-11-29_19-22-44"
26,"tensor(0.5278, requires_grad=True)",0.5674848551675677,216.884215593338,False,1,d9fc98ed,2023-11-29_19-26-40,1701307600,216.884215593338,4108073,Slade-173477,10.2.219.10,216.884215593338,1,5.217186902136685,0.35032732619509765,500,118.74598636692731,0.001375756774545757,1,8.601583116702868,14.213779869619115,"/home/sgupta/WORK/Triplevel_transformer_model/baselines/hyperparameter_search/experiment_mcdo_data2/train_mcdo_d9fc98ed_27_batch_size=5.2172,drop_out=0.3503,epochs=500,hidden_size=118.7460,lr=0.0014,num_features=1,num_layers=8.601_2023-11-29_19-22-55"
27,"tensor(0.1995, requires_grad=True)",0.5319251357354223,216.011953830719,False,1,eeadc861,2023-11-29_19-26-47,1701307607,216.011953830719,4107746,Slade-173477,10.2.219.10,216.011953830719,1,2.9833857547705116,0.3967861769677975,500,117.10087727144807,0.09233389771914997,1,3.5090933148787,10.718702703769074,"/home/sgupta/WORK/Triplevel_transformer_model/baselines/hyperparameter_search/experiment_mcdo_data2/train_mcdo_eeadc861_28_batch_size=2.9834,drop_out=0.3968,epochs=500,hidden_size=117.1009,lr=0.0923,num_features=1,num_layers=3.509_2023-11-29_19-23-03"
28,"tensor(0.0360, requires_grad=True)",0.5211078090773662,651.271754026413,False,1,609cc9a9,2023-11-29_19-34-14,1701308054,651.271754026413,4108138,Slade-173477,10.2.219.10,651.271754026413,1,2.9462899513500136,0.178597174240358,500,53.37134123238216,0.06409798372479716,1,3.4871161396079398,27.002468238856384,"/home/sgupta/WORK/Triplevel_transformer_model/baselines/hyperparameter_search/experiment_mcdo_data2/train_mcdo_609cc9a9_29_batch_size=2.9463,drop_out=0.1786,epochs=500,hidden_size=53.3713,lr=0.0641,num_features=1,num_layers=3.4871_2023-11-29_19-23-11"
29,"tensor(0.2806, requires_grad=True)",0.5090499011429234,1126.2291650772097,False,1,e8a053a6,2023-11-29_19-42-22,1701308542,1126.2291650772097,4108171,Slade-173477,10.2.219.10,1126.2291650772097,1,1.0,0.4994906374306433,500,58.409535060437044,0.08209682973699933,1,4.468532274797198,27.163924816065094,"/home/sgupta/WORK/Triplevel_transformer_model/baselines/hyperparameter_search/experiment_mcdo_data2/train_mcdo_e8a053a6_30_batch_size=1.0000,drop_out=0.4995,epochs=500,hidden_size=58.4095,lr=0.0821,num_features=1,num_layers=4.4685_2023-11-29_19-23-23"
30,"tensor(0.6195, requires_grad=True)",0.4994978531762356,919.904994249344,False,1,c2e1b1cd,2023-11-29_19-39-05,1701308345,919.904994249344,4108204,Slade-173477,10.2.219.10,919.904994249344,1,1.0,0.5,500,58.40474996346864,0.0804245191545088,1,4.640902503631493,27.18301393941201,"/home/sgupta/WORK/Triplevel_transformer_model/baselines/hyperparameter_search/experiment_mcdo_data2/train_mcdo_c2e1b1cd_31_batch_size=1.0000,drop_out=0.5000,epochs=500,hidden_size=58.4047,lr=0.0804,num_features=1,num_layers=4.6409_2023-11-29_19-23-36"
31,"tensor(0.3223, requires_grad=True)",0.5110127945992814,1374.8634390830994,False,1,75fd1cf2,2023-11-29_19-46-42,1701308802,1374.8634390830994,4107847,Slade-173477,10.2.219.10,1374.8634390830994,1,1.0,0.5,500,58.388592699661004,0.08200882902857426,1,4.609519256524352,27.29941866827802,"/home/sgupta/WORK/Triplevel_transformer_model/baselines/hyperparameter_search/experiment_mcdo_data2/train_mcdo_75fd1cf2_32_batch_size=1.0000,drop_out=0.5000,epochs=500,hidden_size=58.3886,lr=0.0820,num_features=1,num_layers=4.6095_2023-11-29_19-23-46"
32,"tensor(0.5070, requires_grad=True)",0.542934862285925,533.9103322029114,False,1,b1a79861,2023-11-29_19-32-41,1701307961,533.9103322029114,4107680,Slade-173477,10.2.219.10,533.9103322029114,1,3.0075643275906847,0.3245303477695055,500,120.42345407809218,0.08787367373297673,1,2.581672673426187,46.89833045198782,"/home/sgupta/WORK/Triplevel_transformer_model/baselines/hyperparameter_search/experiment_mcdo_data2/train_mcdo_b1a79861_33_batch_size=3.0076,drop_out=0.3245,epochs=500,hidden_size=120.4235,lr=0.0879,num_features=1,num_layers=2.581_2023-11-29_19-23-47"
33,"tensor(0.6348, requires_grad=True)",0.6509308781095607,509.4559557437897,False,1,928823a9,2023-11-29_19-32-21,1701307941,509.4559557437897,4108009,Slade-173477,10.2.219.10,509.4559557437897,1,12.77243098152929,0.40989197810338207,500,194.34164831210686,0.0049539943978634,1,8.076057635983574,44.306404095305226,"/home/sgupta/WORK/Triplevel_transformer_model/baselines/hyperparameter_search/experiment_mcdo_data2/train_mcdo_928823a9_34_batch_size=12.7724,drop_out=0.4099,epochs=500,hidden_size=194.3416,lr=0.0050,num_features=1,num_layers=8.07_2023-11-29_19-23-47"
34,"tensor(1.2347, requires_grad=True)",0.5227114677536083,586.1678702831268,False,1,8c7e46eb,2023-11-29_19-33-50,1701308030,586.1678702831268,4108338,Slade-173477,10.2.219.10,586.1678702831268,1,2.6702406241944066,0.4465284039014944,500,61.97441944268154,0.08030480168850623,1,4.646973795273921,23.78506212920901,"/home/sgupta/WORK/Triplevel_transformer_model/baselines/hyperparameter_search/experiment_mcdo_data2/train_mcdo_8c7e46eb_35_batch_size=2.6702,drop_out=0.4465,epochs=500,hidden_size=61.9744,lr=0.0803,num_features=1,num_layers=4.6470_2023-11-29_19-23-52"
35,"tensor(0.0123, requires_grad=True)",0.523817438985454,589.75630402565,False,1,3c9ba9bf,2023-11-29_19-34-02,1701308042,589.75630402565,4108371,Slade-173477,10.2.219.10,589.75630402565,1,2.6584769451222203,0.4529745768729622,500,61.989106626085274,0.08986675127541047,1,4.662724792821343,23.781070358547225,"/home/sgupta/WORK/Triplevel_transformer_model/baselines/hyperparameter_search/experiment_mcdo_data2/train_mcdo_3c9ba9bf_36_batch_size=2.6585,drop_out=0.4530,epochs=500,hidden_size=61.9891,lr=0.0899,num_features=1,num_layers=4.6627_2023-11-29_19-24-04"
36,"tensor(0.0983, requires_grad=True)",0.504560987934703,648.6340692043304,False,1,b3e6a45b,2023-11-29_19-35-10,1701308110,648.6340692043304,4108403,Slade-173477,10.2.219.10,648.6340692043304,1,2.654370646840819,0.4517842037746619,500,62.006572516749905,0.08781253405776113,1,4.626877592196225,23.832464949245168,"/home/sgupta/WORK/Triplevel_transformer_model/baselines/hyperparameter_search/experiment_mcdo_data2/train_mcdo_b3e6a45b_37_batch_size=2.6544,drop_out=0.4518,epochs=500,hidden_size=62.0066,lr=0.0878,num_features=1,num_layers=4.6269_2023-11-29_19-24-13"
37,"tensor(0.9389, requires_grad=True)",0.5137665374874778,552.0717186927795,False,1,ccf3c20e,2023-11-29_19-33-42,1701308022,552.0717186927795,4108436,Slade-173477,10.2.219.10,552.0717186927795,1,2.68083352656993,0.4528439221349003,500,61.99435556474315,0.08895414291205342,1,4.688955524673419,23.807077929714623,"/home/sgupta/WORK/Triplevel_transformer_model/baselines/hyperparameter_search/experiment_mcdo_data2/train_mcdo_ccf3c20e_38_batch_size=2.6808,drop_out=0.4528,epochs=500,hidden_size=61.9944,lr=0.0890,num_features=1,num_layers=4.6890_2023-11-29_19-24-22"
38,"tensor(1.0274, requires_grad=True)",0.5344124423239845,601.7599396705627,False,1,019a2f26,2023-11-29_19-34-41,1701308081,601.7599396705627,4108469,Slade-173477,10.2.219.10,601.7599396705627,1,2.6835016968831207,0.45321794937622695,500,61.986256397249264,0.0894699162565975,1,4.661663870877049,23.794893639794697,"/home/sgupta/WORK/Triplevel_transformer_model/baselines/hyperparameter_search/experiment_mcdo_data2/train_mcdo_019a2f26_39_batch_size=2.6835,drop_out=0.4532,epochs=500,hidden_size=61.9863,lr=0.0895,num_features=1,num_layers=4.6617_2023-11-29_19-24-30"
39,"tensor(0.5258, requires_grad=True)",0.5376758658282924,438.1874520778656,False,1,ff21138f,2023-11-29_19-32-08,1701307928,438.1874520778656,4097299,Slade-173477,10.2.219.10,438.1874520778656,1,2.673025319991429,0.4543622917953559,500,61.99182002003001,0.08868989663266824,1,4.7049364985044955,23.793436290267813,"/home/sgupta/WORK/Triplevel_transformer_model/baselines/hyperparameter_search/experiment_mcdo_data2/train_mcdo_ff21138f_40_batch_size=2.6730,drop_out=0.4544,epochs=500,hidden_size=61.9918,lr=0.0887,num_features=1,num_layers=4.7049_2023-11-29_19-24-40"
40,"tensor(1.6249, requires_grad=True)",0.5431338310391102,332.17266058921814,False,1,bcba2bc2,2023-11-29_19-30-28,1701307828,332.17266058921814,4107815,Slade-173477,10.2.219.10,332.17266058921814,1,3.52302399475223,0.4451864083867932,500,60.75693877498117,0.08278115378173219,1,4.770285414726594,23.255658418794706,"/home/sgupta/WORK/Triplevel_transformer_model/baselines/hyperparameter_search/experiment_mcdo_data2/train_mcdo_bcba2bc2_41_batch_size=3.5230,drop_out=0.4452,epochs=500,hidden_size=60.7569,lr=0.0828,num_features=1,num_layers=4.7703_2023-11-29_19-24-50"
41,"tensor(0.0624, requires_grad=True)",0.498453595749296,1567.4693937301636,False,1,350e73bd,2023-11-29_19-51-11,1701309071,1567.4693937301636,4107879,Slade-173477,10.2.219.10,1567.4693937301636,1,1.3604113742950112,0.46917846471798763,500,63.18675333786766,0.09260144761255042,1,4.5560492163016875,24.9344414026623,"/home/sgupta/WORK/Triplevel_transformer_model/baselines/hyperparameter_search/experiment_mcdo_data2/train_mcdo_350e73bd_42_batch_size=1.3604,drop_out=0.4692,epochs=500,hidden_size=63.1868,lr=0.0926,num_features=1,num_layers=4.5560_2023-11-29_19-24-57"
42,"tensor(0.8008, requires_grad=True)",0.5079839899782448,1060.5756378173828,False,1,3ddc0d88,2023-11-29_19-42-55,1701308575,1060.5756378173828,4108603,Slade-173477,10.2.219.10,1060.5756378173828,1,1.0,0.42972137619662043,500,52.31555294805001,0.1,1,4.863248577129621,21.132002818882302,"/home/sgupta/WORK/Triplevel_transformer_model/baselines/hyperparameter_search/experiment_mcdo_data2/train_mcdo_3ddc0d88_43_batch_size=1.0000,drop_out=0.4297,epochs=500,hidden_size=52.3156,lr=0.1000,num_features=1,num_layers=4.8632_2023-11-29_19-25-04"
43,"tensor(0.0138, requires_grad=True)",0.4972823787497326,961.8966794013976,False,1,a96eec5c,2023-11-29_19-41-26,1701308486,961.8966794013976,4108636,Slade-173477,10.2.219.10,961.8966794013976,1,1.0,0.40728412102761313,500,52.29305012587139,0.09792959983570793,1,5.020235462238955,21.147700594377284,"/home/sgupta/WORK/Triplevel_transformer_model/baselines/hyperparameter_search/experiment_mcdo_data2/train_mcdo_a96eec5c_44_batch_size=1.0000,drop_out=0.4073,epochs=500,hidden_size=52.2931,lr=0.0979,num_features=1,num_layers=5.0202_2023-11-29_19-25-15"
44,"tensor(1.3670, requires_grad=True)",0.5193655103695903,705.4470298290253,False,1,7ff8189e,2023-11-29_19-37-15,1701308235,705.4470298290253,4107616,Slade-173477,10.2.219.10,705.4470298290253,1,1.0,0.4214116266370513,500,52.335356334898414,0.09847400131752446,1,4.944923185437486,21.137592942169658,"/home/sgupta/WORK/Triplevel_transformer_model/baselines/hyperparameter_search/experiment_mcdo_data2/train_mcdo_7ff8189e_45_batch_size=1.0000,drop_out=0.4214,epochs=500,hidden_size=52.3354,lr=0.0985,num_features=1,num_layers=4.9449_2023-11-29_19-25-25"
45,"tensor(0.0267, requires_grad=True)",0.5134610258764964,1692.8004212379456,False,1,408777ec,2023-11-29_19-53-52,1701309232,1692.8004212379456,4108703,Slade-173477,10.2.219.10,1692.8004212379456,1,1.0,0.46502877436450923,500,50.924332494364755,0.0911179629785087,1,5.059278752275755,20.15496750793011,"/home/sgupta/WORK/Triplevel_transformer_model/baselines/hyperparameter_search/experiment_mcdo_data2/train_mcdo_408777ec_46_batch_size=1.0000,drop_out=0.4650,epochs=500,hidden_size=50.9243,lr=0.0911,num_features=1,num_layers=5.0593_2023-11-29_19-25-30"
46,"tensor(0.0002, requires_grad=True)",0.5398467057946372,817.4328737258911,False,1,c5c9b2b3,2023-11-29_19-39-25,1701308365,817.4328737258911,4108735,Slade-173477,10.2.219.10,817.4328737258911,1,1.0,0.46914065500383645,500,50.923082408052004,0.09228830700262883,1,5.061964261306588,20.15568165959636,"/home/sgupta/WORK/Triplevel_transformer_model/baselines/hyperparameter_search/experiment_mcdo_data2/train_mcdo_c5c9b2b3_47_batch_size=1.0000,drop_out=0.4691,epochs=500,hidden_size=50.9231,lr=0.0923,num_features=1,num_layers=5.0620_2023-11-29_19-25-39"
47,"tensor(0.1321, requires_grad=True)",0.5004139551480821,1003.4193472862244,False,1,b4288ca9,2023-11-29_19-42-41,1701308561,1003.4193472862244,4108767,Slade-173477,10.2.219.10,1003.4193472862244,1,1.0,0.4606969122616632,500,50.922949918639794,0.08896341319079257,1,5.064341072378421,20.157013001794684,"/home/sgupta/WORK/Triplevel_transformer_model/baselines/hyperparameter_search/experiment_mcdo_data2/train_mcdo_b4288ca9_48_batch_size=1.0000,drop_out=0.4607,epochs=500,hidden_size=50.9229,lr=0.0890,num_features=1,num_layers=5.0643_2023-11-29_19-25-49"
48,"tensor(0.0294, requires_grad=True)",0.5368496738693607,1403.1874487400055,False,1,f063c6ef,2023-11-29_19-49-31,1701308971,1403.1874487400055,4108799,Slade-173477,10.2.219.10,1403.1874487400055,1,1.0,0.4677283018985466,500,50.91947187579074,0.09265711085472926,1,5.0483173938548385,20.155920343638318,"/home/sgupta/WORK/Triplevel_transformer_model/baselines/hyperparameter_search/experiment_mcdo_data2/train_mcdo_f063c6ef_49_batch_size=1.0000,drop_out=0.4677,epochs=500,hidden_size=50.9195,lr=0.0927,num_features=1,num_layers=5.0483_2023-11-29_19-25-59"
49,"tensor(0.1274, requires_grad=True)",0.4981649591798808,1376.6161196231842,False,1,3028d74b,2023-11-29_19-49-16,1701308956,1376.6161196231842,4108831,Slade-173477,10.2.219.10,1376.6161196231842,1,1.0,0.4679509046264049,500,50.925215485462054,0.09181191867617915,1,5.058271051901179,20.155540344460714,"/home/sgupta/WORK/Triplevel_transformer_model/baselines/hyperparameter_search/experiment_mcdo_data2/train_mcdo_3028d74b_50_batch_size=1.0000,drop_out=0.4680,epochs=500,hidden_size=50.9252,lr=0.0918,num_features=1,num_layers=5.0583_2023-11-29_19-26-08"
50,"tensor(0.0040, requires_grad=True)",0.5491159483784993,1104.9258453845978,False,1,a41743a8,2023-11-29_19-44-54,1701308694,1104.9258453845978,4108864,Slade-173477,10.2.219.10,1104.9258453845978,1,1.0,0.4683233056517842,500,50.92373085840206,0.0917466027671321,1,5.058874281678746,20.155005198042556,"/home/sgupta/WORK/Triplevel_transformer_model/baselines/hyperparameter_search/experiment_mcdo_data2/train_mcdo_a41743a8_51_batch_size=1.0000,drop_out=0.4683,epochs=500,hidden_size=50.9237,lr=0.0917,num_features=1,num_layers=5.0589_2023-11-29_19-26-20"
51,"tensor(0.0546, requires_grad=True)",0.5124157539153407,1327.1541936397552,False,1,169d9609,2023-11-29_19-48-47,1701308927,1327.1541936397552,4108073,Slade-173477,10.2.219.10,1327.1541936397552,1,1.0,0.46703079481245346,500,50.92396201556596,0.09189668361089316,1,5.060453096168101,20.155058850112876,"/home/sgupta/WORK/Triplevel_transformer_model/baselines/hyperparameter_search/experiment_mcdo_data2/train_mcdo_169d9609_52_batch_size=1.0000,drop_out=0.4670,epochs=500,hidden_size=50.9240,lr=0.0919,num_features=1,num_layers=5.0605_2023-11-29_19-26-30"
52,"tensor(0.1955, requires_grad=True)",0.5132615915400374,922.0416266918182,False,1,c66af48f,2023-11-29_19-42-09,1701308529,922.0416266918182,4107746,Slade-173477,10.2.219.10,922.0416266918182,1,1.0,0.4639583058726828,500,49.79102473680204,0.07087640703780267,1,4.964907793143408,22.59802866655081,"/home/sgupta/WORK/Triplevel_transformer_model/baselines/hyperparameter_search/experiment_mcdo_data2/train_mcdo_c66af48f_53_batch_size=1.0000,drop_out=0.4640,epochs=500,hidden_size=49.7910,lr=0.0709,num_features=1,num_layers=4.9649_2023-11-29_19-26-41"
53,"tensor(0.0044, requires_grad=True)",0.5034714913298202,1000.6566138267516,False,1,6005c3ec,2023-11-29_19-43-34,1701308614,1000.6566138267516,4107648,Slade-173477,10.2.219.10,1000.6566138267516,1,1.0,0.471753659626512,500,49.62095097128841,0.07534792894201861,1,5.039590663552213,21.596843418492423,"/home/sgupta/WORK/Triplevel_transformer_model/baselines/hyperparameter_search/experiment_mcdo_data2/train_mcdo_6005c3ec_54_batch_size=1.0000,drop_out=0.4718,epochs=500,hidden_size=49.6210,lr=0.0753,num_features=1,num_layers=5.0396_2023-11-29_19-26-48"
54,"tensor(1.7705, requires_grad=True)",0.0813913460705569,1148.5831706523895,False,1,787467bb,2023-11-29_19-46-07,1701308767,1148.5831706523895,4107968,Slade-173477,10.2.219.10,1148.5831706523895,1,1.8898881078873428,0.16313814147610445,500,47.534725458385495,0.010435543709091371,1,5.166284046863477,24.80428755090608,"/home/sgupta/WORK/Triplevel_transformer_model/baselines/hyperparameter_search/experiment_mcdo_data2/train_mcdo_787467bb_55_batch_size=1.8899,drop_out=0.1631,epochs=500,hidden_size=47.5347,lr=0.0104,num_features=1,num_layers=5.1663_2023-11-29_19-26-54"
55,"tensor(0.0518, requires_grad=True)",0.5114760349377471,1276.7200129032135,False,1,8485c13c,2023-11-29_19-48-27,1701308907,1276.7200129032135,4109019,Slade-173477,10.2.219.10,1276.7200129032135,1,1.0,0.475265497420158,500,49.72668861438634,0.07758903219342206,1,5.055351544498466,21.288621249862075,"/home/sgupta/WORK/Triplevel_transformer_model/baselines/hyperparameter_search/experiment_mcdo_data2/train_mcdo_8485c13c_56_batch_size=1.0000,drop_out=0.4753,epochs=500,hidden_size=49.7267,lr=0.0776,num_features=1,num_layers=5.0554_2023-11-29_19-26-58"
56,"tensor(0.0094, requires_grad=True)",0.602089350216221,1532.977084159851,False,1,55f29c9c,2023-11-29_19-52-54,1701309174,1532.977084159851,4109060,Slade-173477,10.2.219.10,1532.977084159851,1,1.2708673319745478,0.17561885691616297,500,50.9035323783296,0.017849103671532456,1,7.426768609640144,19.630287043879964,"/home/sgupta/WORK/Triplevel_transformer_model/baselines/hyperparameter_search/experiment_mcdo_data2/train_mcdo_55f29c9c_57_batch_size=1.2709,drop_out=0.1756,epochs=500,hidden_size=50.9035,lr=0.0178,num_features=1,num_layers=7.4268_2023-11-29_19-27-11"
57,"tensor(0.0697, requires_grad=True)",0.4979186057246367,1354.67737865448,False,1,0ca63f3d,2023-11-29_19-50-07,1701309007,1354.67737865448,4109093,Slade-173477,10.2.219.10,1354.67737865448,1,1.0,0.47344311518023685,500,49.72968835496517,0.07735082384147698,1,5.061350311770373,21.287680932605074,"/home/sgupta/WORK/Triplevel_transformer_model/baselines/hyperparameter_search/experiment_mcdo_data2/train_mcdo_0ca63f3d_58_batch_size=1.0000,drop_out=0.4734,epochs=500,hidden_size=49.7297,lr=0.0774,num_features=1,num_layers=5.0614_2023-11-29_19-27-22"
58,"tensor(0.3883, requires_grad=True)",0.5125892440163685,1300.0908699035645,False,1,82b37e53,2023-11-29_19-49-25,1701308965,1300.0908699035645,4109125,Slade-173477,10.2.219.10,1300.0908699035645,1,1.0,0.47536523640508677,500,49.73806356999792,0.07722585484406891,1,5.046467162351775,21.283542159061245,"/home/sgupta/WORK/Triplevel_transformer_model/baselines/hyperparameter_search/experiment_mcdo_data2/train_mcdo_82b37e53_59_batch_size=1.0000,drop_out=0.4754,epochs=500,hidden_size=49.7381,lr=0.0772,num_features=1,num_layers=5.0465_2023-11-29_19-27-33"
59,"tensor(0.1435, requires_grad=True)",0.5037321089331092,1116.8837394714355,False,1,e2dc62b6,2023-11-29_19-46-35,1701308795,1116.8837394714355,4109157,Slade-173477,10.2.219.10,1116.8837394714355,1,1.0,0.4738773222971867,500,49.725113550831146,0.0770837608741282,1,5.050289484272727,21.28747975941042,"/home/sgupta/WORK/Triplevel_transformer_model/baselines/hyperparameter_search/experiment_mcdo_data2/train_mcdo_e2dc62b6_60_batch_size=1.0000,drop_out=0.4739,epochs=500,hidden_size=49.7251,lr=0.0771,num_features=1,num_layers=5.0503_2023-11-29_19-27-45"
60,"tensor(3.8120, requires_grad=True)",0.5001518693289201,888.9389791488647,False,1,66454384,2023-11-29_19-45-17,1701308717,888.9389791488647,4107815,Slade-173477,10.2.219.10,888.9389791488647,1,1.0,0.4736944245704117,500,49.73326293289397,0.07721886188876302,1,5.053165394225367,21.282967504947514,"/home/sgupta/WORK/Triplevel_transformer_model/baselines/hyperparameter_search/experiment_mcdo_data2/train_mcdo_66454384_61_batch_size=1.0000,drop_out=0.4737,epochs=500,hidden_size=49.7333,lr=0.0772,num_features=1,num_layers=5.0532_2023-11-29_19-27-58"
61,"tensor(0.2405, requires_grad=True)",0.574246336526172,800.1931385993958,False,1,2b139578,2023-11-29_19-45-25,1701308725,800.1931385993958,4107911,Slade-173477,10.2.219.10,800.1931385993958,1,1.0,0.4519143678124667,500,51.24049438266898,0.09412836233045763,1,5.05946257541577,19.956949535784137,"/home/sgupta/WORK/Triplevel_transformer_model/baselines/hyperparameter_search/experiment_mcdo_data2/train_mcdo_2b139578_62_batch_size=1.0000,drop_out=0.4519,epochs=500,hidden_size=51.2405,lr=0.0941,num_features=1,num_layers=5.0595_2023-11-29_19-30-29"
62,"tensor(0.0236, requires_grad=True)",0.5229264883417837,1044.4209687709808,False,1,bd19c510,2023-11-29_19-49-33,1701308973,1044.4209687709808,4097299,Slade-173477,10.2.219.10,1044.4209687709808,1,1.0,0.46628665422738236,500,51.18076190882688,0.08562942460742218,1,5.124462427634451,20.241329742547183,"/home/sgupta/WORK/Triplevel_transformer_model/baselines/hyperparameter_search/experiment_mcdo_data2/train_mcdo_bd19c510_63_batch_size=1.0000,drop_out=0.4663,epochs=500,hidden_size=51.1808,lr=0.0856,num_features=1,num_layers=5.1245_2023-11-29_19-32-05"
63,"tensor(2.3471, requires_grad=True)",0.5038095703351583,1348.9048464298248,False,1,750e1e85,2023-11-29_19-54-50,1701309290,1348.9048464298248,4108009,Slade-173477,10.2.219.10,1348.9048464298248,1,1.0,0.37956085283658675,500,49.839471905792344,0.1,1,8.015893850167776,21.199942696744635,"/home/sgupta/WORK/Triplevel_transformer_model/baselines/hyperparameter_search/experiment_mcdo_data2/train_mcdo_750e1e85_64_batch_size=1.0000,drop_out=0.3796,epochs=500,hidden_size=49.8395,lr=0.1000,num_features=1,num_layers=8.0159_2023-11-29_19-32-09"
64,"tensor(0.3973, requires_grad=True)",0.4904299049281981,520.7354283332825,False,1,c2b1ae49,2023-11-29_19-41-22,1701308482,520.7354283332825,4107680,Slade-173477,10.2.219.10,520.7354283332825,1,2.4329045037614314,0.3065261989628677,500,119.777336925254,0.030997018764591898,1,2.271546077245466,49.578241047602056,"/home/sgupta/WORK/Triplevel_transformer_model/baselines/hyperparameter_search/experiment_mcdo_data2/train_mcdo_c2b1ae49_65_batch_size=2.4329,drop_out=0.3065,epochs=500,hidden_size=119.7773,lr=0.0310,num_features=1,num_layers=2.271_2023-11-29_19-32-21"
65,"tensor(0.1537, requires_grad=True)",0.5088346923118109,781.5539581775665,False,1,22200e36,2023-11-29_19-45-54,1701308754,781.5539581775665,4108041,Slade-173477,10.2.219.10,781.5539581775665,1,11.477340225721225,0.2280004264649138,500,194.4326849056102,0.07100784373229703,1,9.795256402079097,46.59534370157811,"/home/sgupta/WORK/Triplevel_transformer_model/baselines/hyperparameter_search/experiment_mcdo_data2/train_mcdo_22200e36_66_batch_size=11.4773,drop_out=0.2280,epochs=500,hidden_size=194.4327,lr=0.0710,num_features=1,num_layers=9.79_2023-11-29_19-32-41"
66,"tensor(0.2492, requires_grad=True)",0.6840589270516709,189.88297414779663,False,1,514eb0e7,2023-11-29_19-36-52,1701308212,189.88297414779663,4108436,Slade-173477,10.2.219.10,189.88297414779663,1,14.584274260686446,0.4098497288921329,500,154.84633258730895,0.0022830451649130047,1,6.488992994898741,27.98533963638541,"/home/sgupta/WORK/Triplevel_transformer_model/baselines/hyperparameter_search/experiment_mcdo_data2/train_mcdo_514eb0e7_67_batch_size=14.5843,drop_out=0.4098,epochs=500,hidden_size=154.8463,lr=0.0023,num_features=1,num_layers=6.48_2023-11-29_19-32-52"
67,"tensor(0.4979, requires_grad=True)",0.6314624854317912,881.2579565048218,False,1,c7cb2e45,2023-11-29_19-48-31,1701308911,881.2579565048218,4108338,Slade-173477,10.2.219.10,881.2579565048218,1,7.83818368487851,0.2459832491883508,500,129.12995446383107,0.01581311159068224,1,7.357897490354335,36.474294347720374,"/home/sgupta/WORK/Triplevel_transformer_model/baselines/hyperparameter_search/experiment_mcdo_data2/train_mcdo_c7cb2e45_68_batch_size=7.8382,drop_out=0.2460,epochs=500,hidden_size=129.1300,lr=0.0158,num_features=1,num_layers=7.357_2023-11-29_19-33-42"
68,"tensor(0.3210, requires_grad=True)",0.6236039275651449,223.18785095214844,False,1,b482bf4b,2023-11-29_19-37-46,1701308266,223.18785095214844,4108371,Slade-173477,10.2.219.10,223.18785095214844,1,11.080359833101364,0.17554066723628808,500,16.871326091417174,0.05841326439155388,1,9.57675363190371,26.97305755407934,"/home/sgupta/WORK/Triplevel_transformer_model/baselines/hyperparameter_search/experiment_mcdo_data2/train_mcdo_b482bf4b_69_batch_size=11.0804,drop_out=0.1755,epochs=500,hidden_size=16.8713,lr=0.0584,num_features=1,num_layers=9.576_2023-11-29_19-33-50"
69,"tensor(0.6477, requires_grad=True)",0.4978202999412239,642.4468023777008,False,1,4ae6226f,2023-11-29_19-44-57,1701308697,642.4468023777008,4108138,Slade-173477,10.2.219.10,642.4468023777008,1,13.006312489959123,0.3999779507909428,500,162.73629387848936,0.05736199407402622,1,8.548816951609318,47.44696682866117,"/home/sgupta/WORK/Triplevel_transformer_model/baselines/hyperparameter_search/experiment_mcdo_data2/train_mcdo_4ae6226f_70_batch_size=13.0063,drop_out=0.4000,epochs=500,hidden_size=162.7363,lr=0.0574,num_features=1,num_layers=8.54_2023-11-29_19-34-03"
70,"tensor(0.5905, requires_grad=True)",0.544921283185482,219.4772117137909,False,1,7c5d15bf,2023-11-29_19-38-21,1701308301,219.4772117137909,4108469,Slade-173477,10.2.219.10,219.4772117137909,1,4.449110975111365,0.15805147524477922,500,43.93835126594308,0.09554451353704668,1,7.01339830328802,15.158283169828698,"/home/sgupta/WORK/Triplevel_transformer_model/baselines/hyperparameter_search/experiment_mcdo_data2/train_mcdo_7c5d15bf_71_batch_size=4.4491,drop_out=0.1581,epochs=500,hidden_size=43.9384,lr=0.0955,num_features=1,num_layers=7.0134_2023-11-29_19-34-15"
71,"tensor(0.1884, requires_grad=True)",0.7034267537243717,56.38592553138733,False,1,9de4dedc,2023-11-29_19-36-07,1701308167,56.38592553138733,4108403,Slade-173477,10.2.219.10,56.38592553138733,1,7.3123987983312,0.33162760147012904,500,11.886300047246927,0.01581509969220047,1,6.783765875094807,2.6118150308495434,"/home/sgupta/WORK/Triplevel_transformer_model/baselines/hyperparameter_search/experiment_mcdo_data2/train_mcdo_9de4dedc_72_batch_size=7.3124,drop_out=0.3316,epochs=500,hidden_size=11.8863,lr=0.0158,num_features=1,num_layers=6.7838_2023-11-29_19-34-41"
72,"tensor(0.0474, requires_grad=True)",0.4311248744706854,629.7794167995453,False,1,d92b0a91,2023-11-29_19-46-36,1701308796,629.7794167995453,4108403,Slade-173477,10.2.219.10,629.7794167995453,1,1.6264834953644076,0.4314924745920664,500,51.59998933427397,0.01706539912434132,1,4.187418850353427,25.737161468438824,"/home/sgupta/WORK/Triplevel_transformer_model/baselines/hyperparameter_search/experiment_mcdo_data2/train_mcdo_d92b0a91_73_batch_size=1.6265,drop_out=0.4315,epochs=500,hidden_size=51.6000,lr=0.0171,num_features=1,num_layers=4.1874_2023-11-29_19-35-10"
73,"tensor(0.0537, requires_grad=True)",0.6005800016113182,531.2209365367889,False,1,f64551da,2023-11-29_19-45-43,1701308743,531.2209365367889,4108436,Slade-173477,10.2.219.10,531.2209365367889,1,15.608485931809893,0.24775865475404274,500,148.11444322396827,0.06543288897098878,1,5.604757529314599,49.152543287086935,"/home/sgupta/WORK/Triplevel_transformer_model/baselines/hyperparameter_search/experiment_mcdo_data2/train_mcdo_f64551da_74_batch_size=15.6085,drop_out=0.2478,epochs=500,hidden_size=148.1144,lr=0.0654,num_features=1,num_layers=5.60_2023-11-29_19-36-07"
74,"tensor(0.2068, requires_grad=True)",0.5523300880656461,500.9298496246338,False,1,2da237d6,2023-11-29_19-45-36,1701308736,500.9298496246338,4107616,Slade-173477,10.2.219.10,500.9298496246338,1,2.9728193545574912,0.38799159779328185,500,61.60046493592047,0.05535196749842403,1,5.076574397678813,24.046827945837915,"/home/sgupta/WORK/Triplevel_transformer_model/baselines/hyperparameter_search/experiment_mcdo_data2/train_mcdo_2da237d6_75_batch_size=2.9728,drop_out=0.3880,epochs=500,hidden_size=61.6005,lr=0.0554,num_features=1,num_layers=5.0766_2023-11-29_19-36-52"
75,"tensor(0.7658, requires_grad=True)",0.4398099627654301,503.3333923816681,False,1,4cac7edb,2023-11-29_19-46-09,1701308769,503.3333923816681,4108371,Slade-173477,10.2.219.10,503.3333923816681,1,2.640081901636432,0.23185054127792856,500,63.062174099625125,0.0028269689207492347,1,5.322714443823296,23.904002685258675,"/home/sgupta/WORK/Triplevel_transformer_model/baselines/hyperparameter_search/experiment_mcdo_data2/train_mcdo_4cac7edb_76_batch_size=2.6401,drop_out=0.2319,epochs=500,hidden_size=63.0622,lr=0.0028,num_features=1,num_layers=5.3227_2023-11-29_19-37-16"
76,"tensor(0.4899, requires_grad=True)",0.513378205964555,960.8551290035248,False,1,73b25fec,2023-11-29_19-54-08,1701309248,960.8551290035248,4107713,Slade-173477,10.2.219.10,960.8551290035248,1,1.969552074482363,0.4214128080860814,500,190.94888396994,0.07988434602114065,1,9.100527342140484,7.016334280170951,"/home/sgupta/WORK/Triplevel_transformer_model/baselines/hyperparameter_search/experiment_mcdo_data2/train_mcdo_73b25fec_77_batch_size=1.9696,drop_out=0.4214,epochs=500,hidden_size=190.9489,lr=0.0799,num_features=1,num_layers=9.100_2023-11-29_19-37-46"
77,"tensor(0.1651, requires_grad=True)",0.5861145315979464,608.6976153850555,False,1,8eb161b8,2023-11-29_19-48-30,1701308910,608.6976153850555,4108469,Slade-173477,10.2.219.10,608.6976153850555,1,3.789551588186621,0.3324863138298024,500,12.002248157403509,0.005582252352461474,1,6.4537237727385275,44.72113275962899,"/home/sgupta/WORK/Triplevel_transformer_model/baselines/hyperparameter_search/experiment_mcdo_data2/train_mcdo_8eb161b8_78_batch_size=3.7896,drop_out=0.3325,epochs=500,hidden_size=12.0022,lr=0.0056,num_features=1,num_layers=6.4537_2023-11-29_19-38-08"
78,"tensor(0.1142, requires_grad=True)",0.6108841744661331,226.18234848976132,False,1,6c836d48,2023-11-29_19-42-51,1701308571,226.18234848976132,4108204,Slade-173477,10.2.219.10,226.18234848976132,1,16.04372090119968,0.14978941640222576,500,55.12979468582838,0.054070377505649664,1,7.545370445210063,41.78625773517244,"/home/sgupta/WORK/Triplevel_transformer_model/baselines/hyperparameter_search/experiment_mcdo_data2/train_mcdo_6c836d48_79_batch_size=16.0437,drop_out=0.1498,epochs=500,hidden_size=55.1298,lr=0.0541,num_features=1,num_layers=7.545_2023-11-29_19-38-21"
79,"tensor(0.1889, requires_grad=True)",0.5109522191516332,637.8061785697937,False,1,d2b6e0a9,2023-11-29_19-50-03,1701309003,637.8061785697937,4108735,Slade-173477,10.2.219.10,637.8061785697937,1,1.064886962883542,0.1986352505618817,500,51.755896829085145,0.0668153493734116,1,4.912205879442472,25.215172358552763,"/home/sgupta/WORK/Triplevel_transformer_model/baselines/hyperparameter_search/experiment_mcdo_data2/train_mcdo_d2b6e0a9_80_batch_size=1.0649,drop_out=0.1986,epochs=500,hidden_size=51.7559,lr=0.0668,num_features=1,num_layers=4.9122_2023-11-29_19-39-06"
80,"tensor(0.2737, requires_grad=True)",0.521178288894007,344.6875829696655,False,1,a6c97d9c,2023-11-29_19-47-07,1701308827,344.6875829696655,4107680,Slade-173477,10.2.219.10,344.6875829696655,1,2.9440280690971523,0.1435818753677518,500,120.41811656770004,0.0787577798082149,1,2.375645862420555,48.08484157219712,"/home/sgupta/WORK/Triplevel_transformer_model/baselines/hyperparameter_search/experiment_mcdo_data2/train_mcdo_a6c97d9c_81_batch_size=2.9440,drop_out=0.1436,epochs=500,hidden_size=120.4181,lr=0.0788,num_features=1,num_layers=2.375_2023-11-29_19-39-26"
81,"tensor(0.6844, requires_grad=True)",0.551774574564649,54.03610849380493,False,1,4c7a4ceb,2023-11-29_19-42-20,1701308540,54.03610849380493,4108636,Slade-173477,10.2.219.10,54.03610849380493,1,13.480281229449796,0.34681317312628523,500,136.69632862117416,0.015355755285155828,1,2.256508889644146,43.69254355926092,"/home/sgupta/WORK/Triplevel_transformer_model/baselines/hyperparameter_search/experiment_mcdo_data2/train_mcdo_4c7a4ceb_82_batch_size=13.4803,drop_out=0.3468,epochs=500,hidden_size=136.6963,lr=0.0154,num_features=1,num_layers=2.25_2023-11-29_19-41-22"
82,"tensor(2.0798, requires_grad=True)",0.5264816960411756,93.7769193649292,False,1,2804a3f0,2023-11-29_19-43-43,1701308623,93.7769193649292,4107746,Slade-173477,10.2.219.10,93.7769193649292,1,9.691024622008579,0.17942383492693037,500,167.99643487589728,0.09244064061234973,1,5.362284738122259,13.096430231729965,"/home/sgupta/WORK/Triplevel_transformer_model/baselines/hyperparameter_search/experiment_mcdo_data2/train_mcdo_2804a3f0_83_batch_size=9.6910,drop_out=0.1794,epochs=500,hidden_size=167.9964,lr=0.0924,num_features=1,num_layers=5.362_2023-11-29_19-41-27"
83,"tensor(1.2195, requires_grad=True)",0.574955768018961,382.9042749404907,False,1,a4862eae,2023-11-29_19-48-43,1701308923,382.9042749404907,4108636,Slade-173477,10.2.219.10,382.9042749404907,1,2.475970854169372,0.42972961181034186,500,61.122151088796585,0.031929440361410745,1,4.917518163148378,23.735456454603547,"/home/sgupta/WORK/Triplevel_transformer_model/baselines/hyperparameter_search/experiment_mcdo_data2/train_mcdo_a4862eae_84_batch_size=2.4760,drop_out=0.4297,epochs=500,hidden_size=61.1222,lr=0.0319,num_features=1,num_layers=4.9175_2023-11-29_19-42-09"
84,"tensor(2.0565, requires_grad=True)",0.4984069555819391,399.5957262516022,False,1,16b93739,2023-11-29_19-49-02,1701308942,399.5957262516022,4108171,Slade-173477,10.2.219.10,399.5957262516022,1,6.286117431485341,0.4909117052291534,500,195.77032149212675,0.04320002992745825,1,8.960207525286465,17.038796093648422,"/home/sgupta/WORK/Triplevel_transformer_model/baselines/hyperparameter_search/experiment_mcdo_data2/train_mcdo_16b93739_85_batch_size=6.2861,drop_out=0.4909,epochs=500,hidden_size=195.7703,lr=0.0432,num_features=1,num_layers=8.960_2023-11-29_19-42-21"
85,"tensor(0.3374, requires_grad=True)",0.5806882713688887,184.5195755958557,False,1,7d9abdb3,2023-11-29_19-45-46,1701308746,184.5195755958557,4108767,Slade-173477,10.2.219.10,184.5195755958557,1,3.2968405792864464,0.12791571991398554,500,117.50851662615172,0.03636357814077752,1,3.572782485971846,10.62063039331169,"/home/sgupta/WORK/Triplevel_transformer_model/baselines/hyperparameter_search/experiment_mcdo_data2/train_mcdo_7d9abdb3_86_batch_size=3.2968,drop_out=0.1279,epochs=500,hidden_size=117.5085,lr=0.0364,num_features=1,num_layers=3.572_2023-11-29_19-42-23"
86,"tensor(0.1339, requires_grad=True)",0.6191284167817084,162.66283988952637,False,1,0bc241f2,2023-11-29_19-45-34,1701308734,162.66283988952637,4108204,Slade-173477,10.2.219.10,162.66283988952637,1,17.823638067036477,0.3696561210702677,500,104.47723873821667,0.06291339803483532,1,3.637744631211649,48.89352258953273,"/home/sgupta/WORK/Triplevel_transformer_model/baselines/hyperparameter_search/experiment_mcdo_data2/train_mcdo_0bc241f2_87_batch_size=17.8236,drop_out=0.3697,epochs=500,hidden_size=104.4772,lr=0.0629,num_features=1,num_layers=3.63_2023-11-29_19-42-42"
87,"tensor(0.0759, requires_grad=True)",0.6671019934199669,17.015845775604248,False,1,6e024ae9,2023-11-29_19-43-12,1701308592,17.015845775604248,4108603,Slade-173477,10.2.219.10,17.015845775604248,1,11.044365147162896,0.3912054297673405,500,123.20267033515627,0.09545019875748048,1,6.143424631098496,3.9214245542836377,"/home/sgupta/WORK/Triplevel_transformer_model/baselines/hyperparameter_search/experiment_mcdo_data2/train_mcdo_6e024ae9_88_batch_size=11.0444,drop_out=0.3912,epochs=500,hidden_size=123.2027,lr=0.0955,num_features=1,num_layers=6.14_2023-11-29_19-42-52"
88,"tensor(0.8905, requires_grad=True)",0.4984735172692236,409.5683903694153,False,1,1ca68ea2,2023-11-29_19-50-01,1701309001,409.5683903694153,4108603,Slade-173477,10.2.219.10,409.5683903694153,1,11.775517277407374,0.2352117977259706,500,194.0144579770408,0.0957878074745531,1,8.742248046263398,45.218898544230825,"/home/sgupta/WORK/Triplevel_transformer_model/baselines/hyperparameter_search/experiment_mcdo_data2/train_mcdo_1ca68ea2_89_batch_size=11.7755,drop_out=0.2352,epochs=500,hidden_size=194.0145,lr=0.0958,num_features=1,num_layers=8.74_2023-11-29_19-42-55"
89,"tensor(0.4144, requires_grad=True)",0.6241013889541169,88.37008452415466,False,1,e19d109f,2023-11-29_19-45-03,1701308703,88.37008452415466,4107648,Slade-173477,10.2.219.10,88.37008452415466,1,12.46547265780506,0.2863038491083563,500,61.647029119503046,0.04700034254108618,1,2.3226800512092947,39.17705346304344,"/home/sgupta/WORK/Triplevel_transformer_model/baselines/hyperparameter_search/experiment_mcdo_data2/train_mcdo_e19d109f_90_batch_size=12.4655,drop_out=0.2863,epochs=500,hidden_size=61.6470,lr=0.0470,num_features=1,num_layers=2.322_2023-11-29_19-43-12"
90,"tensor(4.1937, requires_grad=True)",0.6381920620251994,263.0800075531006,False,1,2497abc5,2023-11-29_19-48-06,1701308886,263.0800075531006,4107746,Slade-173477,10.2.219.10,263.0800075531006,1,7.957493477901287,0.3094368512276554,500,177.77505276731432,0.05963018347814607,1,8.411315743654887,19.852795629199147,"/home/sgupta/WORK/Triplevel_transformer_model/baselines/hyperparameter_search/experiment_mcdo_data2/train_mcdo_2497abc5_91_batch_size=7.9575,drop_out=0.3094,epochs=500,hidden_size=177.7751,lr=0.0596,num_features=1,num_layers=8.411_2023-11-29_19-43-34"
91,"tensor(0.1308, requires_grad=True)",0.3075826769208905,440.4503726959229,False,1,b1a81c92,2023-11-29_19-51-12,1701309072,440.4503726959229,4107583,Slade-173477,10.2.219.10,440.4503726959229,1,1.535965014208883,0.3634605365884246,500,48.86530616425512,0.01151645233778131,1,5.151156909462761,21.880555236622477,"/home/sgupta/WORK/Triplevel_transformer_model/baselines/hyperparameter_search/experiment_mcdo_data2/train_mcdo_b1a81c92_92_batch_size=1.5360,drop_out=0.3635,epochs=500,hidden_size=48.8653,lr=0.0115,num_features=1,num_layers=5.1512_2023-11-29_19-43-43"
92,"tensor(0.1763, requires_grad=True)",0.5697795059460332,128.7651491165161,False,1,8cea5d2d,2023-11-29_19-47-03,1701308823,128.7651491165161,4108864,Slade-173477,10.2.219.10,128.7651491165161,1,2.7144696689987566,0.34340831008434314,500,116.35648492394998,0.057824238658415,1,3.8080168092016633,11.165123891034156,"/home/sgupta/WORK/Triplevel_transformer_model/baselines/hyperparameter_search/experiment_mcdo_data2/train_mcdo_8cea5d2d_93_batch_size=2.7145,drop_out=0.3434,epochs=500,hidden_size=116.3565,lr=0.0578,num_features=1,num_layers=3.808_2023-11-29_19-43-52"
93,"tensor(0.5838, requires_grad=True)",0.5875073500914488,150.55132055282593,False,1,ab337355,2023-11-29_19-47-27,1701308847,150.55132055282593,4108138,Slade-173477,10.2.219.10,150.55132055282593,1,12.703274079725933,0.49197310693271934,500,137.05783435063628,0.07563441148136214,1,2.5303594612838625,43.4223601805315,"/home/sgupta/WORK/Triplevel_transformer_model/baselines/hyperparameter_search/experiment_mcdo_data2/train_mcdo_ab337355_94_batch_size=12.7033,drop_out=0.4920,epochs=500,hidden_size=137.0578,lr=0.0756,num_features=1,num_layers=2.53_2023-11-29_19-44-55"
94,"tensor(0.4035, requires_grad=True)",0.5003899499028921,361.8448781967163,False,1,49d1de1e,2023-11-29_19-51-04,1701309064,361.8448781967163,4107648,Slade-173477,10.2.219.10,361.8448781967163,1,10.847628840125036,0.20805350077174234,500,193.743004592171,0.07468293635088362,1,9.721625001271665,44.59815496527822,"/home/sgupta/WORK/Triplevel_transformer_model/baselines/hyperparameter_search/experiment_mcdo_data2/train_mcdo_49d1de1e_95_batch_size=10.8476,drop_out=0.2081,epochs=500,hidden_size=193.7430,lr=0.0747,num_features=1,num_layers=9.72_2023-11-29_19-44-57"
95,"tensor(0.0192, requires_grad=True)",0.5324547850691015,169.7203176021576,False,1,9874d05c,2023-11-29_19-48-07,1701308887,169.7203176021576,4107815,Slade-173477,10.2.219.10,169.7203176021576,1,2.8168226935975467,0.30367257740639775,500,117.40083566631489,0.09814767292865072,1,3.2691447060494108,10.822592018406343,"/home/sgupta/WORK/Triplevel_transformer_model/baselines/hyperparameter_search/experiment_mcdo_data2/train_mcdo_9874d05c_96_batch_size=2.8168,drop_out=0.3037,epochs=500,hidden_size=117.4008,lr=0.0981,num_features=1,num_layers=3.269_2023-11-29_19-45-03"
96,"tensor(1.1534, requires_grad=True)",0.6866026670522206,62.98042058944702,False,1,2d1c4a10,2023-11-29_19-46-28,1701308788,62.98042058944702,4107911,Slade-173477,10.2.219.10,62.98042058944702,1,7.096653496556066,0.47243941321851823,500,8.280868847213355,0.01932034685247156,1,8.297838858790925,10.420112985766188,"/home/sgupta/WORK/Triplevel_transformer_model/baselines/hyperparameter_search/experiment_mcdo_data2/train_mcdo_2d1c4a10_97_batch_size=7.0967,drop_out=0.4724,epochs=500,hidden_size=8.2809,lr=0.0193,num_features=1,num_layers=8.2978,_2023-11-29_19-45-18"
97,"tensor(0.0094, requires_grad=True)",0.5273406202839558,707.1003556251526,False,1,dc899fe7,2023-11-29_19-57-21,1701309441,707.1003556251526,4108204,Slade-173477,10.2.219.10,707.1003556251526,1,1.0036386044236183,0.3352625926529543,500,56.44715481305459,0.044653013492504036,1,4.416293019331657,37.4278191732714,"/home/sgupta/WORK/Triplevel_transformer_model/baselines/hyperparameter_search/experiment_mcdo_data2/train_mcdo_dc899fe7_98_batch_size=1.0036,drop_out=0.3353,epochs=500,hidden_size=56.4472,lr=0.0447,num_features=1,num_layers=4.4163_2023-11-29_19-45-25"
98,"tensor(0.8492, requires_grad=True)",0.5231309468289475,81.36325526237488,False,1,45b92443,2023-11-29_19-46-58,1701308818,81.36325526237488,4107616,Slade-173477,10.2.219.10,81.36325526237488,1,13.900654030340458,0.2593366190250186,500,182.02973141464602,0.091122684187465,1,6.490104778311141,12.591133837577319,"/home/sgupta/WORK/Triplevel_transformer_model/baselines/hyperparameter_search/experiment_mcdo_data2/train_mcdo_45b92443_99_batch_size=13.9007,drop_out=0.2593,epochs=500,hidden_size=182.0297,lr=0.0911,num_features=1,num_layers=6.49_2023-11-29_19-45-35"
99,"tensor(0.8532, requires_grad=True)",0.5856726679950952,206.19188618659973,False,1,83c14ec2,2023-11-29_19-49-09,1701308949,206.19188618659973,4108436,Slade-173477,10.2.219.10,206.19188618659973,1,10.8599991907842,0.250873923368886,500,5.11545679724286,0.0709782889965831,1,9.786066710695973,48.9625463571633,"/home/sgupta/WORK/Triplevel_transformer_model/baselines/hyperparameter_search/experiment_mcdo_data2/train_mcdo_83c14ec2_100_batch_size=10.8600,drop_out=0.2509,epochs=500,hidden_size=5.1155,lr=0.0710,num_features=1,num_layers=9.786_2023-11-29_19-45-37"
